{"cameraMode":{"drawMode":0,"name":"Shaded","section":"Shading Mode"},"sceneLighting":false,"audioPlay":false,"sceneViewState":{"showFog":true,"showMaterialUpdate":true,"showSkybox":false,"showFlares":true,"showImageEffects":true,"showParticleSystems":true},"in2DMode":false,"pivot":{"x":-4.531513214111328,"y":1.349785566329956,"z":17.10647201538086},"rotation":{"x":0.05832509696483612,"y":0.06942661851644516,"z":-0.004066085442900658,"w":0.9958726763725281},"size":1.2247450351715088,"orthographic":false}