{"cameraMode":{"drawMode":0,"name":"Shaded","section":"Shading Mode"},"sceneLighting":true,"audioPlay":false,"sceneViewState":{"showFog":true,"showMaterialUpdate":true,"showSkybox":true,"showFlares":true,"showImageEffects":true,"showParticleSystems":true},"in2DMode":false,"pivot":{"x":7.540973663330078,"y":5.152788162231445,"z":30.85246467590332},"rotation":{"x":-0.17758142948150636,"y":0.7399903535842896,"z":-0.2146395742893219,"w":-0.6122341752052307},"size":9.324301719665528,"orthographic":false}