{"cameraMode":{"drawMode":0,"name":"Shaded","section":"Shading Mode"},"sceneLighting":true,"audioPlay":false,"sceneViewState":{"showFog":true,"showMaterialUpdate":true,"showSkybox":true,"showFlares":true,"showImageEffects":true,"showParticleSystems":true},"in2DMode":false,"pivot":{"x":0.4743309020996094,"y":2.8965814113616945,"z":87.49109649658203},"rotation":{"x":0.05547027289867401,"y":-0.006885559763759375,"z":0.0003840744320768863,"w":0.9984443187713623},"size":9.404354095458985,"orthographic":false}